Blue Underwater Scenic,$12.50,PRODUCT,https://media.rainpos.com/Checker/75503-468.jpg
Chamois Vines,$11.99,PRODUCT,https://media.rainpos.com/Checker/7755-31.jpg
Ochre Vines,$11.99,PRODUCT,https://media.rainpos.com/Checker/7755-35.jpg
KDS ROBERT K JELLYROLL,,PRODUCT,https://s3.amazonaws.com/siteimages/image-not-available.gif
Grunge Basics Peacoat,$12.49,PRODUCT,https://media.rainpos.com/Moda/1864.24703.jpg
Grunge Basics Ash,$12.49,PRODUCT,https://media.rainpos.com/Moda/1864.24704.jpg
Deep Blue Ocean,,PRODUCT,https://media.rainpos.com/Checker/365E-DPBLU.jpg
Plaid Natural,$12.40,PRODUCT,https://media.rainpos.com/Checker/AAK2095714.jpg
Plaid Bright,$12.40,PRODUCT,https://media.rainpos.com/Checker/AAK20957195.jpg
QordsToQuiltBy Panel Multi,$10.00,PRODUCT,https://s3.amazonaws.com/siteimages/image-not-available.gif
WordsToQuiltBy Panel Pink,$10.00,PRODUCT,https://s3.amazonaws.com/siteimages/image-not-available.gif
Yukata Charm Pack,,PRODUCT,https://media.rainpos.com/Moda/1864.36000.jpg
Snowkissed Red 55584 22 Moda #1,$12.99,PRODUCT,https://media.rainpos.com/Moda/44544_LG-1867_55222.jpg
Dit-Dot,$11.00,PRODUCT,https://media.rainpos.com/EE_Schenck/IBFDID8AH-5.jpg
Picture Perfect Yellow 21804 14 Moda #1,$12.99,PRODUCT,https://media.rainpos.com/Moda/43974_LG-1867_55165.jpg
Picture Perfect Red 21803 12 Moda #1,$12.99,PRODUCT,https://media.rainpos.com/Moda/43968_LG-1867_55159.jpg
Picture Perfect Red 21805 12 Moda #1,$12.99,PRODUCT,https://media.rainpos.com/Moda/43977_LG-1867_55168.jpg
Thunbergia Cobalt/Violet,$12.00,PRODUCT,https://media.rainpos.com/Benartex/9234-56.jpg
Pecan Bear With Me,$12.50,PRODUCT,https://media.rainpos.com/Checker/ST-D2414PECAN.jpg
Make It Christmas with 3 Yard Quilts,,PRODUCT,https://media.rainpos.com/Checker/FC032241.jpg
Calico Corsage Teadye,$12.30,PRODUCT,https://media.rainpos.com/Checker/C12842R-TEADYE.jpg
Stateside Kit KIT55610 Moda Precuts#1,$119.99,PRODUCT,https://media.rainpos.com/Moda/53802_LG-1867_57663.jpg
Beachy Batiks Sea 4362 17 Moda #1,$12.99,PRODUCT,https://media.rainpos.com/Moda/52235_LG-2212_01102.jpg
Beachy Batiks Coastal 4362 19 Moda #1,$12.99,PRODUCT,https://media.rainpos.com/Moda/52237_LG-2212_01104.jpg
Beachy Batiks Coastal 4362 22 Moda #1,$12.99,PRODUCT,https://media.rainpos.com/Moda/52240_LG-2212_01107.jpg
Grunge Basics Milk Chocolate 30150 75 Moda Basic #1,$12.99,PRODUCT,https://media.rainpos.com/Moda/LG-1864_06328.jpg
Grunge Basics Iron 30150 438 Moda #1,$12.99,PRODUCT,https://media.rainpos.com/Moda/LG-1864_28882.jpg
Tan Shells,$12.50,PRODUCT,https://media.rainpos.com/Checker/39784-226.jpg
michael miller CX7379-atomic web,,PRODUCT,https://media.rainpos.com/Checker/CX7379-NAVY.jpg
Thatched Navy 48626 94 Moda #1,$12.99,PRODUCT,https://media.rainpos.com/Moda/LG-1867_48834.jpg
Silver Vines,$11.99,PRODUCT,https://media.rainpos.com/Checker/7755-09.jpg
Confetti Cottons Color Violet,$7.50,PRODUCT,https://media.rainpos.com/Checker/C120-VIOLET.jpg
Medium Dots Red,$11.50,PRODUCT,https://media.rainpos.com/Checker/C360R-80RED.jpg
Norm and Nanette Pattern,$24.00,PRODUCT,https://media.rainpos.com/Brewer/EH046.jpg
PrettyDarnQuick 3-Yard Quilts,,PRODUCT,https://media.rainpos.com/Brewer/FC031940.jpg
Easy Does It 3-Yard Quilts,,PRODUCT,https://media.rainpos.com/Brewer/FC031950.jpg
Santa Claus Is Coming Block Panel White,$12.50,PRODUCT,https://media.rainpos.com/Checker/26001E-WHT.jpg
Blue Alligator Allover,,PRODUCT,https://media.rainpos.com/Checker/5856S-77.jpg
KDS BLANK JELLYROLL,,PRODUCT,https://s3.amazonaws.com/siteimages/image-not-available.gif
KDS ISLAND BATIK ABALONE LAYER CAKE,$38.99,PRODUCT,https://s3.amazonaws.com/siteimages/image-not-available.gif
BATIK 1/2 YARD BUNDLE,$29.99 $35.99,PRODUCT,https://s3.amazonaws.com/siteimages/image-not-available.gif
Shadow Play - Bright,,PRODUCT,https://media.rainpos.com/EE_Schenck/MASSHPCA-BRI.jpg
Shadow Play - Peaceful,,PRODUCT,https://media.rainpos.com/EE_Schenck/MASSHPCA-PEA.jpg
Teal Lattice,,PRODUCT,https://media.rainpos.com/Checker/8209M-Q.jpg
Pink Diagonal Plaid,,PRODUCT,https://media.rainpos.com/Checker/8244M-PG.jpg
Soft Grey Texture,,PRODUCT,https://media.rainpos.com/Checker/237E-SOFTGRAY.jpg
Newport Light Blue,$12.49,PRODUCT,https://media.rainpos.com/Moda/1867.53919.jpg
Newport Medium Blue,$12.49,PRODUCT,https://media.rainpos.com/Moda/1867.53920.jpg
Newport Indigo,$12.49,PRODUCT,https://media.rainpos.com/Moda/1867.53921.jpg
Newport Indigo,$12.49,PRODUCT,https://media.rainpos.com/Moda/1867.53940.jpg
Newport Ivory Tan,$12.49,PRODUCT,https://media.rainpos.com/Moda/1867.53941.jpg
natural starfish in the sand,$12.00,PRODUCT,https://s3.amazonaws.com/siteimages/image-not-available.gif
Benatrex Batik Breeze Peach,,PRODUCT,https://s3.amazonaws.com/siteimages/image-not-available.gif
Benartex Batik Breeze Light Mauve,$10.50,PRODUCT,https://s3.amazonaws.com/siteimages/image-not-available.gif
Benartex Batik Breeze Cotton Candy,$10.50,PRODUCT,https://s3.amazonaws.com/siteimages/image-not-available.gif
Benartex Batik Light Lavendar,$10.50,PRODUCT,https://s3.amazonaws.com/siteimages/image-not-available.gif
WordsToQuiltBy Damask Teal,,PRODUCT,https://s3.amazonaws.com/siteimages/image-not-available.gif
Shadow Play,$10.99,PRODUCT,https://media.rainpos.com/EE_Schenck/MAS513-B90.jpg
Shadow Play,$10.99,PRODUCT,https://media.rainpos.com/EE_Schenck/MAS513-A12.jpg
Nutmeg Cabana,,PRODUCT,https://media.rainpos.com/Moda/1864.37163.jpg
Shadow Play,$10.99,PRODUCT,https://media.rainpos.com/EE_Schenck/MAS513-A31.jpg
Shadow Play,,PRODUCT,https://media.rainpos.com/EE_Schenck/MAS513-BV.jpg
Blue Connected Stars,,PRODUCT,https://media.rainpos.com/Checker/8254M-B.jpg
Newport Ivory,$12.49,PRODUCT,https://media.rainpos.com/Moda/1867.53923.jpg
6217 crabs,$11.90,PRODUCT,https://s3.amazonaws.com/siteimages/image-not-available.gif
6215 sea animals,$11.90,PRODUCT,https://s3.amazonaws.com/siteimages/image-not-available.gif
Benartex Batik Breeze Sky,$10.50,PRODUCT,https://s3.amazonaws.com/siteimages/image-not-available.gif
Benartex Batik Breeze Apricot,$10.50,PRODUCT,https://s3.amazonaws.com/siteimages/image-not-available.gif
Benartex Batik Light Iris,$10.50,PRODUCT,https://s3.amazonaws.com/siteimages/image-not-available.gif
WordsToQuiltBy Feather Pink,$10.00,PRODUCT,https://s3.amazonaws.com/siteimages/image-not-available.gif
WordsToQuiltBy Machines Grey,$4.85,PRODUCT,https://s3.amazonaws.com/siteimages/image-not-available.gif
WordsToQuiltBy Thimble White,$10.00,PRODUCT,https://s3.amazonaws.com/siteimages/image-not-available.gif
WordsToQuiltBy Machines White,$10.00,PRODUCT,https://s3.amazonaws.com/siteimages/image-not-available.gif
Soft Grey Tonal,,PRODUCT,https://media.rainpos.com/Checker/513M-KK.jpg
Fern Tonal,,PRODUCT,https://media.rainpos.com/Checker/513M-GS.jpg
Country Rose Sage 5175 14 Moda #1,$12.99,PRODUCT,https://media.rainpos.com/Moda/46768_LG-1867_56082.jpg
Picture Perfect Blue 21802 17 Moda #1,$12.99,PRODUCT,https://media.rainpos.com/Moda/43965_LG-1867_55156.jpg
Picture Perfect Green 21806 15 Moda #1,$12.99,PRODUCT,https://media.rainpos.com/Moda/43987_LG-1867_55178.jpg
Picture Perfect Orange 21806 13 Moda #1,$12.99,PRODUCT,https://media.rainpos.com/Moda/43986_LG-1867_55177.jpg
Picture Perfect Ivory 21803 11 Moda #1,$12.99,PRODUCT,https://media.rainpos.com/Moda/43967_LG-1867_55158.jpg
Picture Perfect Yellow 21802 14 Moda #1,,PRODUCT,https://media.rainpos.com/Moda/43963_LG-1867_55154.jpg
Sew Much Fun Scissors Tearose,$12.50,PRODUCT,https://media.rainpos.com/Checker/C12453R-TEAROSE.jpg
Roses Peacock,$12.00,PRODUCT,https://media.rainpos.com/Benartex/9228-84.jpg
Eufloria Packaged Panel Rainbow 39749 11P Moda Precuts#1,,PRODUCT,https://media.rainpos.com/Moda/49292_LG-1864_37327.jpg
Calico Daisy Denim,$12.30,PRODUCT,https://media.rainpos.com/Checker/C12852R-DENIM.jpg
Springtime - Sweet Spring Row Quilt,$140.60,PRODUCT,https://media.rainpos.com/Checker/KT-12900.jpg
kds layer cake gnome-antics,,PRODUCT,https://s3.amazonaws.com/siteimages/image-not-available.gif
SHOW 3x1 bundle,,PRODUCT,https://s3.amazonaws.com/siteimages/image-not-available.gif
Crayola Marker Fabric Rolls,,PRODUCT,https://s3.amazonaws.com/siteimages/image-not-available.gif
kds so fine batik 5 yard,,PRODUCT,https://s3.amazonaws.com/siteimages/image-not-available.gif
Brown Bag Vines,$11.99,PRODUCT,https://media.rainpos.com/Checker/7755-30.jpg
Florence Flamingo,,PRODUCT,https://media.rainpos.com/Checker/EH031.jpg
Take 5,$8.00,PRODUCT,https://media.rainpos.com/Brewer/TP200.jpg
Lime Giraffe Allover,,PRODUCT,https://media.rainpos.com/Checker/5861S-66.jpg
White on White Tiny Dots,,PRODUCT,https://media.rainpos.com/Checker/8210M-WW.jpg
KDS ROBERT KAUFMAN CHARM PK,$6.99,PRODUCT,https://s3.amazonaws.com/siteimages/image-not-available.gif
KDS FREE SPIRIT EMPEROR LAYER CAKE,,PRODUCT,https://s3.amazonaws.com/siteimages/image-not-available.gif
KDS FREE SPIRIT ALTO LAYER CAKE,,PRODUCT,https://s3.amazonaws.com/siteimages/image-not-available.gif
10in Squares Garden Party 42pcs,,PRODUCT,https://media.rainpos.com/Checker/TSQ0235.jpg
KDS KIT MODA FOLKLORE LILY ASHBURY,,PRODUCT,https://s3.amazonaws.com/siteimages/image-not-available.gif
BATIK 4 1/2  YARDS,$41.99 $49.99,PRODUCT,https://s3.amazonaws.com/siteimages/image-not-available.gif
BATIK 5 YARDS,$54.99 $59.99,PRODUCT,https://s3.amazonaws.com/siteimages/image-not-available.gif
BATIK 6 YARDS,$66.99 $71.99,PRODUCT,https://s3.amazonaws.com/siteimages/image-not-available.gif
Red Lattice,$10.99,PRODUCT,https://media.rainpos.com/Checker/8209M-R2.jpg
Natural Sand,,PRODUCT,https://media.rainpos.com/Checker/C8395-NAT.jpg
Grunge Basics Bison,$12.49,PRODUCT,https://media.rainpos.com/Moda/1864.26378.jpg
Grunge Basics Expresso,$12.49,PRODUCT,https://media.rainpos.com/Moda/1864.21910.jpg
Grunge Basics Russet Orange,$12.49,PRODUCT,https://media.rainpos.com/Moda/1864.24677.jpg
Shadow Play,$10.99,PRODUCT,https://media.rainpos.com/EE_Schenck/MAS513-B4.jpg
Purple Connected Stars,,PRODUCT,https://media.rainpos.com/Checker/8254M-V.jpg
Antique White Fence,,PRODUCT,https://media.rainpos.com/Checker/357E-ANTQ.jpg
Cancer Awareness Ribbon 407 Pink,,PRODUCT,https://media.rainpos.com/Midwest_Textiles_And_Supplies/407-pink__46306.1532549693.500.750.jpg
Newport Light Blue,$12.49,PRODUCT,https://media.rainpos.com/Moda/1867.53932.jpg
Newport Medium Blue,$12.49,PRODUCT,https://media.rainpos.com/Moda/1867.53937.jpg
Row Boats,$11.80,PRODUCT,https://media.rainpos.com/Michael_Miller_Fabrics/dc9363_aqua.jpg
Aqua Wave Metallic,$12.40,PRODUCT,https://media.rainpos.com/Checker/Y1331-33M.jpg
Assorted enchanted meadow,,PRODUCT,https://media.rainpos.com/Checker/18664-MLT.jpg
Enchanted Meadow Denim,$11.70,PRODUCT,https://s3.amazonaws.com/siteimages/image-not-available.gif
Words to Quilt By swirl light Teal,,PRODUCT,https://s3.amazonaws.com/siteimages/image-not-available.gif
WordsToQuiltBy Damask Yellow,,PRODUCT,https://s3.amazonaws.com/siteimages/image-not-available.gif
Aqua Vines,$11.99,PRODUCT,https://media.rainpos.com/Checker/7755-76.jpg
Small Dots Hot Pink,$11.50,PRODUCT,https://media.rainpos.com/Checker/C350R-70HOTP.jpg
Medium Dots Girl,$11.50,PRODUCT,https://media.rainpos.com/Checker/C360R-03GIRL.jpg
Blossom Alpine,$12.50,PRODUCT,https://media.rainpos.com/Checker/C6404R-ALPIN.jpg
Fancy Forest,$24.00,PRODUCT,https://media.rainpos.com/Checker/EH-023.jpg
Soft Grey Texture,,PRODUCT,https://media.rainpos.com/Checker/237E-SOFTGRAY.jpg
Sand Sea Shells on Sand,,PRODUCT,https://media.rainpos.com/Checker/278E-SAND.jpg
White/Pink Cancer Awareness Ribbons,$11.60,PRODUCT,https://media.rainpos.com/Checker/407E-WHTPNK.jpg
Sand Beach Umbrellas,,PRODUCT,https://media.rainpos.com/Checker/6506E-SAND.jpg
1077 89162 479,,PRODUCT,https://media.rainpos.com/Wilmington_Prints/Q1077-89162-479_18.jpg
White on White Lattice,$10.00,PRODUCT,https://media.rainpos.com/Checker/8209M-WW.jpg
Purple Tiny Dots,$11.00,PRODUCT,https://media.rainpos.com/Checker/8210M-V.jpg
KDS RILEY BLAKE CHARM PACK,$9.99,PRODUCT,https://s3.amazonaws.com/siteimages/image-not-available.gif
KDS 10in Squares Treasures of Alexandria Jewel, 42pcs/bundle,,PRODUCT,https://media.rainpos.com/Checker/TEN-743-42.jpg
KDS KIT MODA MILK COW KITCHEN,$74.99,PRODUCT,https://s3.amazonaws.com/siteimages/image-not-available.gif
Grunge Basics Freesia,$12.49,PRODUCT,https://media.rainpos.com/Moda/1864.21892.jpg
Shadow Play,$10.99,PRODUCT,https://media.rainpos.com/EE_Schenck/MAS513-GJ.jpg
Shadow Play,$10.99,PRODUCT,https://media.rainpos.com/EE_Schenck/MAS513-V33.jpg
Yellow Dots,,PRODUCT,https://media.rainpos.com/Checker/8216M-S.jpg
Sand Shells & Footprint in Sand,,PRODUCT,https://media.rainpos.com/Checker/290E-SAND.jpg
Newport Ivory,$12.49,PRODUCT,https://media.rainpos.com/Moda/1867.53948.jpg
layer cake,,PRODUCT,https://s3.amazonaws.com/siteimages/image-not-available.gif
Rainwater Plaid,$8.30,PRODUCT,https://media.rainpos.com/Checker/21006-0043.jpg
Grow Charm Pack,,PRODUCT,https://media.rainpos.com/Moda/1867.38118.jpg
mixology stripes,,PRODUCT,https://s3.amazonaws.com/siteimages/image-not-available.gif
Benartex Batik Bubbles Denim/Pink,$10.50,PRODUCT,https://s3.amazonaws.com/siteimages/image-not-available.gif
WordsToQuiltBy Geo Teal,,PRODUCT,https://s3.amazonaws.com/siteimages/image-not-available.gif
WordsToQuiltBy Geo Grey,,PRODUCT,https://s3.amazonaws.com/siteimages/image-not-available.gif
WordsToQuiltBy,$10.00,PRODUCT,https://s3.amazonaws.com/siteimages/image-not-available.gif
WordToQuiltBy Thimble Yellow,$10.00,PRODUCT,https://s3.amazonaws.com/siteimages/image-not-available.gif
Royal Vines,$11.99,PRODUCT,https://media.rainpos.com/Checker/7755-77.jpg
Confetti Cottons Color Pearl,$7.50,PRODUCT,https://media.rainpos.com/Checker/C120-PEARL.jpg
Confetti Cottons Color Riley Baby Pink,$7.50,PRODUCT,https://media.rainpos.com/Checker/C120-RBABYPI.jpg
Tiny Daisy Cottage,$12.50,PRODUCT,https://media.rainpos.com/Checker/C6403R-COTTA.jpg
Quick & Easy 3-Yard Quilts,,PRODUCT,https://media.rainpos.com/Checker/FC032142.jpg
Shadow Play,$10.99,PRODUCT,https://media.rainpos.com/EE_Schenck/MAS513-VB2.jpg
Blue Diagonal Plaid,,PRODUCT,https://media.rainpos.com/Checker/8244M-B.jpg
Newport Indigo,$12.49,PRODUCT,https://media.rainpos.com/Moda/1867.53951.jpg
Red Hot Calico Offwhite,$12.30,PRODUCT,https://media.rainpos.com/Checker/C11670R-OFFWHITE.jpg
Olives Flower Market Charm Pack,,PRODUCT,https://media.rainpos.com/Moda/1867.39494.jpg
Benartex Batik Breeze Cloud,$10.50,PRODUCT,https://s3.amazonaws.com/siteimages/image-not-available.gif
Benartex Batik Bubbles Cloud,$10.50,PRODUCT,https://s3.amazonaws.com/siteimages/image-not-available.gif
WordsToQuiltBy Geo Pink,,PRODUCT,https://s3.amazonaws.com/siteimages/image-not-available.gif
Dot Multi,$11.90,PRODUCT,https://media.rainpos.com/Checker/626E-MULTI.jpg
Pixel Natural,,PRODUCT,https://media.rainpos.com/Moda/2864.02029.jpg
The Shores Linen White,,PRODUCT,https://media.rainpos.com/Moda/1867.56673.jpg
The Shores Sea Glass,,PRODUCT,https://media.rainpos.com/Moda/1867.56664.jpg
Nutmeg Evening,,PRODUCT,https://media.rainpos.com/Moda/1864.37161.jpg
Run Free 112/30701,,PRODUCT,https://media.rainpos.com/Midwest_Textiles_And_Supplies/112-30701__36873.1521040486.500.750.jpg
Celestial Jelly RollÂ® 1760JR Moda Precuts#1,,PRODUCT,https://media.rainpos.com/Moda/37811_LG-1864_35668.jpg
Midnight In Garden Jelly RollÂ® 43120JR Moda Precuts#1,,PRODUCT,https://media.rainpos.com/Moda/LG-1867_54775.jpg
Renew Jelly RollÂ® 55560JR Moda Precuts#1,,PRODUCT,https://media.rainpos.com/Moda/40765_LG-1867_54506.jpg
Sew Wonderful Jelly RollÂ® 25110JR Moda Precuts#1,,PRODUCT,https://media.rainpos.com/Moda/39158_LG-1867_54007.jpg
Thatched New Jelly RollÂ® 48626JRN Moda Precuts#1,,PRODUCT,https://media.rainpos.com/Moda/41455_LG-1867_54808.jpg
Midnight In Garden Jelly RollÂ® 43120JR Moda Precuts#1,$44.99,PRODUCT,https://media.rainpos.com/Moda/LG-1867_54775.jpg
Slow Stroll Natural 45544 11 Moda #1,$12.99,PRODUCT,https://media.rainpos.com/Moda/45595_LG-1867_55593.jpg
Beautiful Basics,$12.00,PRODUCT,https://media.rainpos.com/EE_Schenck/MAS610-GG4.jpg
Joyful Joyful Cream 20804 11 Moda #1,$12.99,PRODUCT,https://media.rainpos.com/Moda/44818_LG-1867_55262.jpg
Bee Ginghams Renae Denim,$12.50,PRODUCT,https://media.rainpos.com/Checker/C12552R-DENIM.jpg
Bee Ginghams Renae Teal,$12.50,PRODUCT,https://media.rainpos.com/Checker/C12552R-TEAL.jpg
Grunge Basics Metropolis Fog,,PRODUCT,https://media.rainpos.com/Moda/1864.28879.jpg
Grunge Basics Sweet Lavende,$12.49,PRODUCT,https://media.rainpos.com/Moda/1864.26364.jpg
Shadow Play,$10.99,PRODUCT,https://media.rainpos.com/EE_Schenck/MAS513-QQ3.jpg
Orange Dots,,PRODUCT,https://media.rainpos.com/Checker/8216M-O.jpg
Newport Medium Blue,$12.49,PRODUCT,https://media.rainpos.com/Moda/1867.53924.jpg
Shadow Play,$10.99,PRODUCT,https://media.rainpos.com/EE_Schenck/MAS513-GX.jpg
Snowkissed Vanilla 55581 11 Moda #1,$12.99,PRODUCT,https://media.rainpos.com/Moda/44532_LG-1867_55210.jpg
Snowkissed Pine 55581 13 Moda #1,$12.99,PRODUCT,https://media.rainpos.com/Moda/44534_LG-1867_55212.jpg
Snowkissed Red 55580 12 Moda #1,$12.99,PRODUCT,https://media.rainpos.com/Moda/44529_LG-1867_55207.jpg
Snowkissed Red 55581 12 Moda #1,$12.99,PRODUCT,https://media.rainpos.com/Moda/44533_LG-1867_55211.jpg
Snowkissed Red Pine 55585 13 Moda #1,,PRODUCT,https://media.rainpos.com/Moda/44549_LG-1867_55227.jpg
Hey Yall Jelly RollÂ® 11510JR Moda Precuts#1,,PRODUCT,https://media.rainpos.com/Moda/40732_LG-1867_54473.jpg
Slow Stroll Petal 45542 12 Moda #1,$12.99,PRODUCT,https://media.rainpos.com/Moda/45586_LG-1867_55584.jpg
Slow Stroll Pumpkin 45544 13 Moda #1,$12.99,PRODUCT,https://media.rainpos.com/Moda/45596_LG-1867_55594.jpg
Slow Stroll Golden 45544 16 Moda #1,$12.99,PRODUCT,https://media.rainpos.com/Moda/45597_LG-1867_55595.jpg
Joyful Joyful Sky 20802 17 Moda #1,$12.99,PRODUCT,https://media.rainpos.com/Moda/44812_LG-1867_55256.jpg
Joyful Joyful Midnight 20802 24 Moda #1,$12.99,PRODUCT,https://media.rainpos.com/Moda/44814_LG-1867_55258.jpg
Joyful Joyful Cream 20805 11 Moda #1,$12.99,PRODUCT,https://media.rainpos.com/Moda/44822_LG-1867_55266.jpg
Prairie Shoo Fly Stars Quilt Kit,,PRODUCT,https://media.rainpos.com/Checker/KT-12300.jpg
Country Rose Smokey Blue 5170 15 Moda #1,$12.99,PRODUCT,https://media.rainpos.com/Moda/46740_LG-1867_56054.jpg
Country Rose Cloud 5170 11 Moda #1,$12.99,PRODUCT,https://media.rainpos.com/Moda/46737_LG-1867_56051.jpg
Country Rose Sage 5170 14 Moda #1,$12.99,PRODUCT,https://media.rainpos.com/Moda/46739_LG-1867_56053.jpg
Pretty Petals,$11.99,PRODUCT,https://media.rainpos.com/EE_Schenck/MAS8260-Q.jpg
Vintage Holiday Charm Pack,,PRODUCT,https://media.rainpos.com/Moda/1867.44352.jpg
Leaf Scroll Sky,$12.00,PRODUCT,https://media.rainpos.com/Benartex/9232-05.jpg
Fern Black Multi,$12.00,PRODUCT,https://media.rainpos.com/Benartex/9233-12.jpg
Nutmeg Frosted Crumble 30702 13 Moda #1,$12.99,PRODUCT,https://media.rainpos.com/Moda/48436_LG-1864_37173.jpg
Nutmeg Evening 30700 12 Moda #1,$12.99,PRODUCT,https://media.rainpos.com/Moda/48424_LG-1864_37161.jpg
The Shores AB 29 skus 18740AB Moda Precuts#1,$115.99,PRODUCT,https://media.rainpos.com/Moda/48589_LG-1867_56656.jpg
The Shores Sunshine 18743 12 Moda #1,$12.99,PRODUCT,https://media.rainpos.com/Moda/48607_LG-1867_56674.jpg
Gunny Sack Color Christmas,$11.50,PRODUCT,https://media.rainpos.com/Checker/C736R-CHRIST.jpg
Bee Backgrounds Shirting Pebble,$12.50,PRODUCT,https://media.rainpos.com/Checker/C9710R-PEBBL.jpg
KDS MODA JELLYROLL,,PRODUCT,https://s3.amazonaws.com/siteimages/image-not-available.gif
KimberBell Basics,,PRODUCT,https://media.rainpos.com/EE_Schenck/MAS8209-S.jpg
White on White Connected Stars,,PRODUCT,https://media.rainpos.com/Checker/8254M-WW.jpg
Gray Mini Awning Stripe,,PRODUCT,https://media.rainpos.com/Checker/8249M-K.jpg
Newport Indigo Blue,$12.49,PRODUCT,https://media.rainpos.com/Moda/1867.53922.jpg
WordsToQuiltBy Swirl Grey,$10.00,PRODUCT,https://s3.amazonaws.com/siteimages/image-not-available.gif
Sew Wonderful Jelly RollÂ® 25110JR Moda Precuts#1,,PRODUCT,https://media.rainpos.com/Moda/39158_LG-1867_54007.jpg
Creativity Glows Jelly RollÂ® 47530JR Moda Precuts#1,,PRODUCT,https://media.rainpos.com/Moda/LG-1867_55032.jpg
Color Crush Batiks Charm Pack 4363PP Moda Precuts#1,,PRODUCT,https://media.rainpos.com/Moda/49354_LG-2211_00785.jpg
Roar C12466 Sage,,PRODUCT,https://s3.amazonaws.com/siteimages/image-not-available.gif
Roar C12464 Green,$12.25,PRODUCT,https://s3.amazonaws.com/siteimages/image-not-available.gif
Roar C12460 Cream,$12.25,PRODUCT,https://s3.amazonaws.com/siteimages/image-not-available.gif
Garden Society Pistachio 11893 17 Moda #1,$12.99,PRODUCT,https://media.rainpos.com/Moda/46267_LG-1867_55948.jpg
Garden Society Coral 11892 26 Moda #1,$12.99,PRODUCT,https://media.rainpos.com/Moda/46265_LG-1867_55946.jpg
Garden Society Teal 11894 19 Moda #1,$12.99,PRODUCT,https://media.rainpos.com/Moda/46271_LG-1867_55952.jpg
Garden Society Pistachio 11894 17 Moda #1,$12.99,PRODUCT,https://media.rainpos.com/Moda/46270_LG-1867_55951.jpg
Joyful Joyful Midnight 20805 24 Moda #1,$12.99,PRODUCT,https://media.rainpos.com/Moda/44825_LG-1867_55269.jpg
Joyful Joyful Sky 20807 16 Moda #1,$12.99,PRODUCT,https://media.rainpos.com/Moda/44832_LG-1867_55276.jpg
Late October Layer CakeÂ® 55590LC Moda Precuts#1,$47.99,PRODUCT,https://media.rainpos.com/Moda/45627_LG-1867_55625.jpg
Country Rose Sunshine 5170 18 Moda #1,$12.99,PRODUCT,https://media.rainpos.com/Moda/46743_LG-1867_56057.jpg
Country Rose Smokey Blue 5171 15 Moda #1,$12.99,PRODUCT,https://media.rainpos.com/Moda/46748_LG-1867_56062.jpg
Country Rose Charcoal 5174 17 Moda #1,$12.99,PRODUCT,https://media.rainpos.com/Moda/46763_LG-1867_56077.jpg
Country Rose Smokey Blue 5173 15 Moda #1,$12.99,PRODUCT,https://media.rainpos.com/Moda/46758_LG-1867_56072.jpg
Country Rose Sunshine 5171 18 Moda #1,$12.99,PRODUCT,https://media.rainpos.com/Moda/46751_LG-1867_56065.jpg
Country Rose Cloud 5171 11 Moda #1,$12.99,PRODUCT,https://media.rainpos.com/Moda/46744_LG-1867_56058.jpg
Pretty Petals,$11.99,PRODUCT,https://media.rainpos.com/EE_Schenck/MAS8260-W2.jpg
Bee Ginghams Natalie Jazzberry,$12.50,PRODUCT,https://media.rainpos.com/Checker/C12558R-JAZZBERRY.jpg
Liberty Riviera A 2-1/2in Strips, 40pcs/bundle,,PRODUCT,https://media.rainpos.com/Checker/RP-LRIVIERAA-40.jpg
NCAA-Georgia Bulldogs Cotton Paisley,$13.60,PRODUCT,https://media.rainpos.com/Checker/GA-1200.jpg
KDS FAT QUARTER BUNDLE,$19.99,PRODUCT,https://s3.amazonaws.com/siteimages/image-not-available.gif
Grunge Basics Creme,$12.49,PRODUCT,https://media.rainpos.com/Moda/1864.20977.jpg
Shadow Play,$10.99,PRODUCT,https://media.rainpos.com/EE_Schenck/MAS513-QXBS.jpg
Shadow Play,$10.99,PRODUCT,https://media.rainpos.com/EE_Schenck/MAS513-K5.jpg
White on White Dots,,PRODUCT,https://media.rainpos.com/Checker/8216M-WW.jpg
Newport Indigo,$12.49,PRODUCT,https://media.rainpos.com/Moda/1867.53925.jpg
Handmade Charm Pack,,PRODUCT,https://media.rainpos.com/Moda/1867.39482.jpg
Benartex Batik Breeze Caribbean,$10.50,PRODUCT,https://s3.amazonaws.com/siteimages/image-not-available.gif
Benartex Batik Breeze Pineapple,$10.50,PRODUCT,https://s3.amazonaws.com/siteimages/image-not-available.gif
Snowkissed Vanilla 55580 11 Moda #1,$12.99,PRODUCT,https://media.rainpos.com/Moda/44528_LG-1867_55206.jpg
Snowkissed Splash 55580 14 Moda #1,$12.99,PRODUCT,https://media.rainpos.com/Moda/44531_LG-1867_55209.jpg
Joyful Joyful Charm Pack 20800PP Moda Precuts#1,,PRODUCT,https://media.rainpos.com/Moda/44806_LG-1867_55250.jpg
Slow Stroll Panel Multi 45540 11 Moda #1,$12.99,PRODUCT,https://media.rainpos.com/Moda/45578_LG-1867_55576.jpg
Joyful Joyful Cream 20806 11 Moda #1,$12.99,PRODUCT,https://media.rainpos.com/Moda/44826_LG-1867_55270.jpg
Joyful Joyful Field 20806 23 Moda #1,$12.99,PRODUCT,https://media.rainpos.com/Moda/44830_LG-1867_55274.jpg
Picture Perfect Red 21807 12 Moda #1,$12.99,PRODUCT,https://media.rainpos.com/Moda/43991_LG-1867_55182.jpg
Bee Ginghams Camille Autumn,$12.50,PRODUCT,https://media.rainpos.com/Checker/C12560R-AUTUMN.jpg
Bee Ginghams Debbie Cayenne,$12.50,PRODUCT,https://media.rainpos.com/Checker/C12550R-CAYENNE.jpg
Bee Ginghams Kassidy Jade,,PRODUCT,https://media.rainpos.com/Checker/C12557R-JADE.jpg
Bee Ginghams Rebecca Plum,$12.50,PRODUCT,https://media.rainpos.com/Checker/C12555R-PLUM.jpg
Bee Ginghams Kassidy Jade,$12.50,PRODUCT,https://media.rainpos.com/Checker/C12557R-JADE.jpg
Petite Floral Light Aqua,$12.00,PRODUCT,https://media.rainpos.com/Benartex/9229-05.jpg
Sandstone Teal,$12.00,PRODUCT,https://media.rainpos.com/Benartex/9226-58.jpg
Triangles Powder,$12.00,PRODUCT,https://media.rainpos.com/Benartex/9222-05.jpg
Triangles Mint,$12.00,PRODUCT,https://media.rainpos.com/Benartex/9222-04.jpg
Chevron Wave Peacock,$12.00,PRODUCT,https://media.rainpos.com/Benartex/9224-55.jpg
Herringbone Kiwi,$12.00,PRODUCT,https://media.rainpos.com/Benartex/9223-44.jpg
Snowkissed Fat Quarter,,PRODUCT,https://s3.amazonaws.com/siteimages/image-not-available.gif
Christmas Fat Eighth,,PRODUCT,https://s3.amazonaws.com/siteimages/image-not-available.gif
KDS BENARTEX JELLYROLL,$29.99,PRODUCT,https://s3.amazonaws.com/siteimages/image-not-available.gif
KDS WINDHAM BASIC BRIGHTS JLYRL,,PRODUCT,https://s3.amazonaws.com/siteimages/image-not-available.gif
KDS ROBERT KAUFMAN TREASURE OF ALEXANDRIA JEWEL,,PRODUCT,https://s3.amazonaws.com/siteimages/image-not-available.gif
KDS KAFFE FASSET CHARM PK,$9.99,PRODUCT,https://s3.amazonaws.com/siteimages/image-not-available.gif
KDS MAYWOOD Paradise CHARM PACK,,PRODUCT,https://media.rainpos.com/EE_Schenck/CPMASPAR.jpg
Red Dots,,PRODUCT,https://media.rainpos.com/Checker/8216M-R.jpg
Pink/Red Cheerful Cherries,,PRODUCT,https://media.rainpos.com/Checker/8245M-PR.jpg
Violet Red Doodles,,PRODUCT,https://media.rainpos.com/Checker/8246M-VR.jpg
Pink Dots,,PRODUCT,https://media.rainpos.com/Checker/8216M-P.jpg
White on White Snowflakes,,PRODUCT,https://media.rainpos.com/Checker/8240M-WW.jpg
wilmington prints,,PRODUCT,https://s3.amazonaws.com/siteimages/image-not-available.gif
Midnight Magic 2 Layer Cake®,$39.99,PRODUCT,https://media.rainpos.com/Moda/1864.34475.jpg
Benartex Batik Breeze Peach,$10.50,PRODUCT,https://s3.amazonaws.com/siteimages/image-not-available.gif
WordsToQuiltBy Windows Grey,,PRODUCT,https://s3.amazonaws.com/siteimages/image-not-available.gif
WordsToQuiltBy Damask Yellow,$10.00,PRODUCT,https://s3.amazonaws.com/siteimages/image-not-available.gif
Dark Burgundy Tonal,$10.99,PRODUCT,https://media.rainpos.com/Checker/513M-M12.jpg
Shadow Play,$10.99,PRODUCT,https://media.rainpos.com/EE_Schenck/MAS513-YS.jpg
Snowkissed Vanilla 55582 11 Moda #1,$12.99,PRODUCT,https://media.rainpos.com/Moda/44537_LG-1867_55215.jpg
Snowkissed Splash 55582 14 Moda #1,$12.99,PRODUCT,https://media.rainpos.com/Moda/44540_LG-1867_55218.jpg
Slow Stroll Sky 45541 21 Moda #1,$12.99,PRODUCT,https://media.rainpos.com/Moda/45583_LG-1867_55581.jpg
Garden Society Navy 11890 14 Moda #1,$12.99,PRODUCT,https://media.rainpos.com/Moda/46257_LG-1867_55938.jpg
Joyful Joyful Midnight 20801 24 Moda #1,,PRODUCT,https://media.rainpos.com/Moda/44810_LG-1867_55254.jpg
Sew Much Fun Thread Spools White,$12.50,PRODUCT,https://media.rainpos.com/Checker/C12452R-WHITE.jpg
Sew Much Fun Thread Spools Navy,$12.50,PRODUCT,https://media.rainpos.com/Checker/C12452R-NAVY.jpg
Nutmeg Cobler 30703 16 Moda #1,$12.99,PRODUCT,https://media.rainpos.com/Moda/48439_LG-1864_37176.jpg
Nutmeg Evening 30702 12 Moda #1,$12.99,PRODUCT,https://media.rainpos.com/Moda/48435_LG-1864_37172.jpg
Nutmeg Cabana 30700 14 Moda #1,$12.99,PRODUCT,https://media.rainpos.com/Moda/48426_LG-1864_37163.jpg
Nutmeg Meringue 30702 11 Moda #1,$12.99,PRODUCT,https://media.rainpos.com/Moda/48434_LG-1864_37171.jpg
Nutmeg Evening 30701 13 Moda #1,$12.99,PRODUCT,https://media.rainpos.com/Moda/48430_LG-1864_37167.jpg
Nutmeg Meringue 30700 11 Moda #1,$12.99,PRODUCT,https://media.rainpos.com/Moda/48423_LG-1864_37160.jpg
